giampa3999,b53a8c1b-ec30-3417-a76b-a9f5b930e649
federiketto99,85377080-feb3-34b5-a3af-5c431afd8277
hexevil,55055de7-89b5-3497-8d53-86abf568b9d1
zero000,a7215223-31e4-33ba-bc18-434a52f25283
_zera_,d1c1f158-c05e-3c1f-a7d6-f2135738cc75
nathanmasterita,e2054d1d-d9fa-3a32-9b9c-a7cd1a8cf746
71d6c242_d0b0_30b9_9635_bce9cb6764aa,239ec10c-371e-3677-b098-2db4aa38c555
232,a0a9b871-05ab-3a28-973d-10aa0fd34bdc
darkpowa69,e99a5e95-eb2c-36a5-9e13-f4edd46e7c63
creeper_girl03,015f6469-54cc-3aa0-a7a8-692a29fe2984
faction_5dac2e98_4940_432a_9c24_56c2bd950db6,059253d5-53ec-3825-80e9-2d454094b73a
godoutzfrank,06b099a3-7130-3f37-995b-6784d25010db
zstriker_hd,818de5d2-fcb2-3a22-af32-93e46cdf8073
tommycollen,0a6fb6ba-02bc-3cdc-b699-a1d8fb379045
zera,1de0cf95-fbd4-33aa-9c34-857b83e333b2
898bce4b_22e6_372e_a3c7_33b69070aa78,47ca2d5d-9f75-309d-9a92-ff010ee0ac90
faction_c11d0288_0334_4da7_86a8_2cb8f9e56c75,2a624e64-86d1-3f33-9172-94ef0a9f3810
list,15cb646e-6ebc-3fd7-9175-f565ad62ec3c
enderpower,cbbc33c2-39b2-3423-998d-aee54af60e80
hongmeng,7d06ba5a-e4c4-3adc-8bc7-6b862a227f5c
andymer,50911887-9401-37ef-916c-683aa80f22ae
faction_2a5ef09d_8685_48cf_af0e_41fa3ae9b81f,bbe2c952-20ec-3651-b5fc-7931aacfa88b
pr0tect_star,db48f9b4-4d91-37be-9f64-31f1e70c6ace
faction_12704f7d_1247_43db_a5d7_d20a0b3c7ca7,5135ae35-c0e7-3f6b-8745-0a6099c7bf23
justaleh,a80d625d-10c2-3d36-b8cc-68de0babcd49
cellen,09f80cba-4c5c-3d03-87eb-35ebfeff482f
symon_gamer,00cfa22a-7d31-383d-9e00-0c5bbdc04d2a
faction_0,eeff70cf-b1ae-3a17-9ae1-caffc7ecad59
romans,c8492d08-0b97-34e5-bc22-ad9e5ee002af
faction_2,8d799956-3ef3-3663-8090-eb48cab00c6e
cyberkeele62,7e2af07e-12b6-3231-ae72-57d02a90dd74
faction_1,4a33caca-d9aa-37f8-b7e7-5d1e72faec55
azotoliquido,b34f3aab-d5da-3fbb-bad9-0fc585842e41
jechloho,ed27ec5a-45a2-3d83-84ac-0c062a594a4a
_panda4k_,a1a681b8-edf6-35e0-b298-932796cebc18
xdrkxxness_,2d3f0ee9-401d-38c4-9d07-07534d5956ad
d1c1f158_c05e_3c1f_a7d6_f2135738cc75,509453c3-efef-34f4-ad61-7d8de3139242
myumbrella,075cb91e-bc3b-37af-87c7-bbebc44ca382
adwaita,afd42efe-3cee-32a3-bb26-cb339521d22c
feattommes,19835f3c-7dbd-3f24-8c95-b34978d224a9
hibernatix,dc4b1eb4-6441-309b-8259-489fa662290b
baby563,c4bfee54-5853-3df9-a0e8-dbedc1b0b85e
minecraft11,2bad256d-f53f-30c5-91d3-231b2dc23e7d
nathanmasteita,8ddc503c-d5f7-38ff-ae10-0d56c7557810
faction_3,460f4169-1fd6-35cc-afa4-9877cec57d30
caccapupu,8ef415f5-daf9-3687-b5b2-53bc2e9558bb
giacchin,898bce4b-22e6-372e-a3c7-33b69070aa78
zera_,71d6c242-d0b0-30b9-9635-bce9cb6764aa
panda4k,ef55d9fc-8566-330f-958e-d5636705dcc4
moreno9999,b69999bc-4d4d-38f9-b8a2-b49ec07146d1
afwfawfwas,2422a114-50ce-320b-9d1e-0f3190bbeab7
faction_ba72ae93_ae4b_493b_98b0_8283ada42f14,af3156ec-01d4-3946-af03-829bf82868c5
zera_mykerd,1824838a-b16d-3a7a-9729-a8225f88dd72
faction_9c279e3f_36db_4f70_8773_7186a1259631,c5020275-a3b2-30fb-86b0-03e72901955b
chat,d274f023-f668-3bf8-bb97-de02712c1af5
faction_d26a12a9_fd03_49f3_8161_0a0a52b07a1e,c06b15ed-a155-3eff-a28e-a2ae1f8af150
zizmax,e1e8fb2e-5ab1-3440-aaf8-d5c24f3f1015
herobrine,25966168-dc9c-360c-8f32-ed022bfa1070
faction_e2909d88_643e_46ce_a6e6_12706ec3a391,4ff1bd91-79ef-3d86-9d12-b5cf77656e99
